economy,YR1998,YR1999,YR2000,YR2001,YR2002,YR2003,YR2004,YR2005,YR2006,YR2007,YR2008,YR2009,YR2010,YR2010-20S,YR2010-20W,YR2011,YR2012,YR2013,YR2014,YR2015,YR2016,YR2017,YR2018,YR2019,YR2020,YR2021
AFG,,,,,,,,,,35.7320063062343,,,,,,,,,,,,,,,,
AGO,,,,,,,,,,,,,,,,,,,,,,,89.18420745085,,,
ALB,,,,,,,,,,,32.4083469008763,,,,,,89.2647698183152,,,,,909.451997120981,814.618145020422,,,
ARG,,,,,,,,,73.9740436103773,,,,71.9423436352367,,,258.943175935263,239.959662968301,87.6364020594959,79.8022631029289,,70.8082575501299,68.5000903244087,61.9648889097312,62.1444821103572,60.8793315968327,35.8805035977496
ARM,,,,,,,,,,,102.126492826289,90.9289772806752,83.7097438076507,,,87.3463840541484,103.343928193999,98.4003267866477,104.375102692081,106.560959577422,108.053342862455,111.038071523386,114.257152402172,76.8274623782826,,
AZE,,,,,,,,,,,,,,,,,,,,1.23072948760467,,,,,,
BEN,,,,,,30.8044888341732,,,,,,,,,,,,,,,,,32.4282116677805,,,
BFA,,,,,,78.7128239692659,,,,,,,,,,,,,,,,,3.15686341386393,,,
BGD,,,,,,,,24.5714493108434,,,,,5.92921598320812,,,,,,,,5.48844006011973,,,,,
BGR,,,,,,,,,,111.681438617035,,,,,,,,,,,,,,,,
BIH,,,,,,,,,,,,,,,,,,,,,,,,,,
BLR,,,,,,,,,,,53.2552090353759,106.367692497868,64.8487393797626,,,,199.250013151953,125.49340099938,,,,,,,,
BLZ,,,,,,,,,,,,37.2407738860073,,,,,,,,,,,,,,
BOL,,,,,,,,,43.023137924381,46.4559824386893,110.697744969583,118.459819313657,,,,62.4451540659646,70.9277184061607,,13.0466188716688,19.8956621442435,14.3265354256443,16.1792524161298,12.397985913981,10.5179968789988,31.4337062745477,
BRA,,,,,,,,,72.5989175995404,,,52.2870884726364,,,,48.837694371714,49.9969408776722,,,55.5742796150354,49.3270998870647,52.4531217113829,49.7274688291063,50.8578152120322,60.6986577765703,
BTN,,,,,,,,,,6.80194785373409,,,,,,,,,,,,,,,,
BWA,,,,,,,,,,,,23.7338609441515,,,,,,,,33.6551299073702,,,,,,
CAF,,,,,,,,,,,,,,,,,,,,,,,,,,
CHL,,,,,,,,,34.2386831875932,,,47.6453935459792,,,,43.7170632028425,,43.607684450113,,53.003707602061,,35.9221523216558,,,94.5154318312977,
CHN,,,,,,,,,,,,,,,,,,20.3989896841576,,,,,,,,
CIV,,,,,11.9494338498507,,,,,,50.2034617134178,,,,,,,,,61.8552603291088,,,21.9550947306263,,,
CMR,,,,,,,,,,36.4579213178002,,,,,,,,,2.76341937052921,,,,,,,
COD,,,,,,,25.8398450564001,,,,,,,,,,44.2298762602721,,,,,,,,,
COG,,,,,,,,95.2854618710639,,,,,,,,,,,,,,,,,,
COL,,,,,,,,,,,,,36.8238154541691,,,28.3893994091285,33.8221395079021,,20.4065206385097,28.4898321254924,23.8779075910191,24.793962676316,24.4805654871275,23.6719861033732,26.9867786975703,
COM,,,,,,,9.93170243760178,,,,,,,,,,,,,,,,,,,
CPV,,,,,,,,,,17.6296379851222,,,,,,,,,,,,,,,,
CRI,,,,,,,,,,,64.5841651130036,,39.0442420668642,,,30.081129672693,38.5491403739602,,54.654011461249,51.9587688281044,50.4717713822109,57.0408233259896,60.0324064744708,50.4866507532608,133.645146346156,
DJI,,,,,,,,,,,,,,,,,29.0502325667144,,,,,,,,,
DMA,,,,,32.5149172861805,,,,,,,,,,,,,,,,,,,,,
DOM,,,,,,,,,,17.0381435152733,20.2591390108532,20.8242161184272,19.3225091236769,,,17.4482340381113,19.5954744752679,17.6676456957925,20.3535100274549,24.4879080078274,25.4779217153542,22.123186669516,26.2183980758283,19.8388492281794,,
EAS,,,,,,,,,,,,,,37.2258533112468,22.898222868797,,,,,,,,,,,
ECS,,,,,,,,,,,,,,191.155733666523,94.3165939395177,,,,,,,,,,,
ECU,,,,,,,,,,,39.3942381595384,,37.6380862913504,,,41.0759284791189,39.4408777768235,,33.715115297734,35.3974534171223,41.6448157655263,31.0662243923161,37.312042491241,36.0910808646284,35.818811608093,
EGY,,,,,,,,,,,17.9993055873076,,,,,,,,,,,,,,,
ETH,,,,,,,,,,,,,,,,,,,,10.709601783835,,,10.2880238958091,,,
FJI,,,,,,,,,,,49.4569376506081,,,,,,,25.921575895188,,,,,,,,
FSM,,,54.626505139447,,,,,,,,,,,,,,,,,,,,,,,
GAB,,,,,,,,31.1367078355789,,,,,,,,,,,,,,4.31597520653985,,,,
GEO,,,,,,,,,,,,,,,,86.9502669380445,90.0320084868656,97.8462295470278,141.440743535263,124.760020524864,126.479978883087,129.24695492143,133.476294230017,128.843479535574,141.569608121697,144.049947495555
GHA,,,,,,,,0.761276646269628,,,,,,,,,158.756688284288,,,,148.21343134013,,,,,
GIN,,,,,,,,,,,,,,,,,29.456043181154,,,,,,,,,
GMB,5.09872029881454,,,,,,,,,,,,22.6030348506823,,,,,,,19.3554438908164,,,,,,
GTM,,,,,,,,,16.9961376446183,,,,,,,12.682193217325,,,11.4545462040853,,,,,,,
HIC,,,,,,,,,,,,,,74.5354437797342,85.3085821386075,,,,,,,,,,,
HND,,,,,,,,,,,14.6409192043432,12.4102472704676,7.45467995114795,,,19.2758843678895,,25.8942663868601,,25.9933754281609,16.7041060975825,18.3876379286873,23.9665594928696,6.48798715892963,,
HRV,,,,,,,,,,,,,,,,,,,,,,,,,,
HTI,,,,,,,,,,,,,,,,,33.0828603543504,,,,,,,,,
HUN,,,,,,,,,,,,,,,,,,,,,,,,,,
IDN,,,,,,,,,,,,,,,,,,,,31.3763767306497,8.25095123326113,6.38615737745656,7.92102787460047,8.82346558016211,12.6289140765284,15.3974771808083
IND,,,,,,,,,,,,,,,,9.56846996643263,,,,,,,,,,
IRN,,,,,,,,,,,,,,,,,,,,,,,45.1888612648904,,,
IRQ,,,,,,,,,9.26155163902083,,,,,,,,10.1695145292352,,,,,,,,,
JAM,,,,,1.27491229638105,,,,,,,,32.1322514226385,,,,,,,,,1.2591173962456,,,,
JOR,,,,,,,,,101.128984149522,,,,97.2217916056851,,,,,,,,,,,,,
KAZ,,,,,,,,,,14.1603792109348,,,32.556206865121,,,,,,70.9647389704042,64.8082497107796,,58.1558480966513,,,,
KEN,,,,,,,,6.5510534431179,,,,,,,,,,,,9.61656793735115,,,,,,
KGZ,,,,,,,,,42.3309443457152,,,,,,,63.1679800057875,92.2728991448012,75.3117108382123,,,,,,98.535279162901,87.2657607785219,
KHM,,,,,,,,,,,10.5649804887017,,,,,,,1.56489171775466,,,,,,,,
KIR,,,,,,,,,,,,,,,,,,,,,,,,8.61859751115153,,
LAO,,,,,,,,,,33.9780230547325,,,,,,,,,,,,,40.658728904531,,,
LBN,,,,,,,,,,,,,,,,,,,,,,,,,,
LBR,,,,,,,,,,,,,,,,,,,,,,,,,,
LCN,,,,,,,,,,,,,,44.8124827443201,49.7592860998199,,,,,,,,,,,
LIC,,,,,,,,,,,,,,23.1005608914809,22.7642482582773,,,,,,,,,,,
LKA,,,,,,,,,9.0728376776135,,,7.58985732444941,,,,,12.9514420083978,,,,19.2343355176775,,,21.6862702182534,,
LMC,,,,,,,,,,,,,,60.6687546134388,23.3000154085282,,,,,,,,,,,
LSO,,,,,,,,,,,,,,,,,,,,,,26.6770415183829,,,,
LTU,,,,,,,,,,,,,,,,,,,,,,,,,,
LVA,,,,,,,,,,,123.939483918454,53.3124808769148,,,,,,,,,,,,,,
MAR,,,,,,,,,,,,,,,,,,,,,,,,,,
MDA,,,,,,,,,,,,,105.112685895483,,,,81.0328266088494,,,,,,658.184191847038,,,
MDG,,,,,,,,,,,,,,,,,,,,,,,,,,
MDV,,,,,,,52.1402643585931,,,,,114.329213356794,,,,,,,,,,,,,,
MEA,,,,,,,,,,,,,,38.3929750982854,33.5335464239362,,,,,,,,,,,
MEX,,,,,,,,,,,61.2269968330575,,67.8091218293015,,,,44.5204689238298,,36.2647879589791,,69.9850446688347,,59.9412795415754,,49.790767701818,
MHL,,8.3333332074957,,,,,,,,,,,,,,,,,,,,,,95.5260521299653,,
MLI,,,,,,,,,,,,11.1592336023,,,,,,,,,,,6.36916608774646,,,
MMR,,,,,,,,,,,,,,,,,,,,,,173.111400808432,,,,
MNE,,,,,,,,,,,,,,,,,,61.7780531629266,,,,,,,,
MNG,,,,,,,,,,43.6231206789475,,50.7760084643914,44.0612838987784,,,70.1439663162319,78.9947844350541,,43.8834721528276,,65.4347531026523,,55.0343209314169,,,
MOZ,,,,,,,,,,,65.0003293758058,,,,,,,,53.508300075566,,,,,,,
MRT,,,,,,,,,,,228.488803677037,,,,,,,,,,,,,,,
MUS,,,,,,,,,58.7891682220569,,,,,,,,108.105008588658,,,,,71.4152640408272,,,,
MWI,,,,,,,7.45181495021517,,,,,,3.8942597580445,,,,,1.75189905234637,,,4.84335939177412,,,6.18532033063689,,
MYS,,,,,,,,,,,11.4241908887608,,,,,,3.17051264080621,,19.7090360025594,,21.2632118491976,,,,,
NAM,,,,,,,,,,,,,,,,,,,,48.0132392879884,,,,,,
NER,,,,,,,,,,,,,,,,5.80474430828426,,,2.70724691562036,,,,48.8267704921267,,,
NGA,,,,,,,,,,,,,4.95717031491423,,,,4.64754212823702,,,11.1181936845114,,,4.10910299709874,,,
NIC,,,,,,,,22.7051233976931,,,,30.5741711201559,,,,,,,72.9187147419299,,,,,,,
NPL,,,,,,,,,,,,,4.47186708499659,,,,,,,,,,,,,
PAK,,,,,,,,,,16.1970007897187,,14.4262209429473,,,,,,8.07175524261787,,9.29926479912901,,,9.07406540125739,,,
PAN,,,,,,,,,,,12.4663115115755,30.4113713695415,32.1406732556467,,,38.3892014978888,33.9917368098466,25.747939826082,31.7083390638714,57.8898084447714,53.1060461975838,58.1648840129945,59.5188910097804,49.9311538045811,,
PER,,,,,,,,,,,22.1729765382945,20.9074029636863,22.696453377932,,,21.1308005657911,21.1997041419949,19.9096417801829,20.4273362453981,22.3957892724871,22.3926384273803,22.1430852256216,20.7900720025145,21.3233782249104,24.6525916497954,24.6341251309501
PHL,,,,,,,,,34.5491912819592,,,,,,,,,24.9079442955025,,11.1533672411463,,,25.8433047942989,,,
PLW,,,,,,,,,,,,,,,,,,,,,,,,,,
PNG,,,,,,,,,,,,21.7489587905873,,,,,,,,,,,,,,
POL,,,,,,,,78.9907518586551,99.9394398007369,147.524615006699,91.6645770120972,116.877339223014,76.6639229279794,,,107.903914138018,95.5003707282963,,,,,,,,,
PRY,,,,,,,,,,25.1711215142053,34.0021279835214,20.138835613681,22.5707665092776,,,21.2503512713968,22.9220764071168,26.2601921384197,30.3652396375231,24.6311668061221,26.3802737056712,24.4053738584123,77.4219733101243,67.7222447343289,25.9363237815266,
PSE,,,,,,,,,,,,,,,,,,,,,,,,,,
ROU,,,,,,,,,,,,,,,,,,,,,,,,,,
RUS,,,,,,,,,,,,,,,,,,,39.367742154012,38.1501751957911,40.1371390103865,39.9922256534247,,,,
RWA,,,,,,,,11.023481418413,,,,,2.93664977880379,,,,,5.87953851959511,,,,,,,,
SAS,,,,,,,,,,,,,,10.057822546212,9.19198654046081,,,,,,,,,,,
SDN,,,,,,,,,,,,1.1375085944558,,,,,,,,,,,,,,
SEN,,,,,,,,,,,,,,,,3.62647318316746,,,,,,,9.38589526429033,,,
SLB,,,,,,,,27.3561792761851,,,,,,,,,,,,,,,,,,
SLE,,,,,,,,,,,,,,,,,,,,,,,2.50121781473699,,,
SLV,,,,,,,,,,62.7092094438992,17.8312493727886,12.9134579250313,12.8185241285257,,,14.6800676651753,1.17833501502495,,12.9934429974718,58.9469833863726,30.9682444596145,57.9930780626049,44.3471573238442,29.8264705473434,,
SRB,,,,,,,,,,110.204781642041,,,106.197821212004,,,,,99.9971860369039,,92.4583133222736,,,199.065108752357,,,
SSD,,,,,,,,,,,,4.31079592942021,,,,,,,,,,,,,,
SSF,,,,,,,,,,,,,,30.2894709838275,27.1723047535103,,,,,,,,,,,
STP,,,,,,,,,,,,,,,,,,,,,,6.77494838427016,,,,
SVK,,,,,,,,,,,,78.4506421757582,,,,,,,,,,,,,,
SWZ,,,,,,,,,,,,15.4015577435192,,,,,,,,,13.3662362697295,,,,,
SYR,,,,,,66.8165933533182,,,,,,,,,,,,,,,,,,,,
TCD,,,,,,,,,,,,,,,,62.5009709318207,,,,,,,,,,
TGO,,,,,,,,,,,,,,,,30.2304447239682,,,,,,,25.757536706271,,,
THA,,,,,,,,,,,,11.6396863331101,,,,19.0206574806546,,41.5211891593147,,,,13.1292484224915,,14.1702576054903,,
TJK,,,,,,,,,,,,,,,,20.3571971967389,,,,,,,,,,
TLS,,,,,,,,,,1.2986449005001,,,,,,16.7490525362306,,,,,,,,,,
TON,,,,,,,,,,,,,,,,,,,,,,,,,,
TUN,,,,,,,,,,,,,,,,,,,,,,,,,,
TUR,,,,,,,18.0739813556415,22.7264515566829,20.1563701646071,10.7650624714756,37.1653489605326,21.8359363718617,37.9888354110641,,,8.76514547365345,26.4066267049993,42.906651358573,36.8976714856625,26.8717167687728,36.6580888495634,41.1242626996646,23.9544234301011,49.5818536736185,,
TZA,,,,,,,,,,,18.3093215200264,,5.12154672010807,,,,34.5487158114118,,7.63238566850787,,,,,,,
UGA,,,,,,,,50.6149989992048,,,,6.99173776966219,,,,,12.3952149336642,,,,10.9199304787683,,,,,
UKR,,,,,,,,,79.0084351663263,,,,,,,9.4746722193518,104.475801817726,,,96.4975673619252,147.991090052683,,618.084924122064,,315.200139286192,
UMC,,,,,,,,,,,,,,75.0429700430597,30.9366568792971,,,,,,,,,,,
URY,,,,,,,,,,,47.8225707001897,57.5764159812732,16.9108629764215,,,86.3750020026632,11.7480467744157,,,37.9147717588572,48.7854114279605,39.558998813067,94.9845494118009,75.7727807399875,82.2799254422307,
UZB,,,,,,,,,,,,,,,,,,,,,,,78.7218532081672,,,
VEN,,,,,,,,,,,,,,,,,,,,,,,,,,
VNM,,,,,,,,,26.9947874957721,,,,9.91457664014137,,,,4.98752642406099,,9.67264791311321,,,,,,,
VUT,,,,,,,,,,,,,,,,,,,,,,,,,,
WLD,,,,,,,,,,,,,,59.4318974835454,27.2208602235206,,,,,,,,,,,
WSM,,,,,,,,,,,25.784546586852,,,,,,,,,,,,,,,
XKX,,,,,,,,,75.0851190031139,,,,,,,61.6316315102085,50.7291072788273,70.1615526072437,,,,135.410147830605,,,,
YEM,,,,,,,,12.0787316718819,,,,,,,,,,,10.3344755249019,,,,,,,
ZAF,,,,,,,,77.0175895028958,,,,,82.9184561764786,,,,,,115.054831173245,,37.5861984708865,,342.68151454303,58.0481878119766,80.5324473771963,
ZMB,,,,,,,,,,,,,49.1834813437322,,,,,,,,,,,,,
ZWE,,,,,,,,,,,,,,,,,,,,,,22.7913837865157,,,,
